TEAM,WEEK,TEAM_TGT,TEAM_ATT,TEAM_OPP,TEAM_FPTS,TEAM_REC_YARDS,TEAM_RUSH_YARDS,TEAM_RZ_TGT,TEAM_RZ_ATT,EST_PASS_PLAYS,EST_RUN_PLAYS,EST_TOTAL_PLAYS,WR_TGT,WR_FPTS,WR_REC_YARDS,RB_TGT,RB_ATT,RB_OPP,RB_FPTS,RB_REC_YARDS,RB_RUSH_YARDS,TE_TGT,TE_FPTS,TE_REC_YARDS
ARI,1,29.0,20.0,49.0,60.1,163.0,108.0,4.0,4.0,29.0,20.0,49.0,12.0,21.8,78.0,5.0,20.0,25.0,22.9,11.0,108.0,12.0,15.399999999999999,74.0
ARI,2,27.0,14.0,41.0,55.8,171.0,48.0,6.0,3.0,27.0,14.0,41.0,8.0,14.9,49.0,7.0,14.0,21.0,20.6,48.0,48.0,12.0,20.3,74.0
ARI,3,34.0,22.0,56.0,50.8,159.0,69.0,3.0,2.0,34.0,22.0,56.0,13.0,16.2,77.0,9.0,21.0,30.0,14.8,24.0,64.0,12.0,19.8,58.0
ARI,4,40.0,12.0,52.0,63.8,200.0,48.0,5.0,1.0,40.0,12.0,52.0,22.0,31.0,116.0,7.0,11.0,18.0,20.6,32.0,44.0,11.0,12.2,52.0
ARI,5,30.0,25.0,55.0,69.3,220.0,143.0,2.0,4.0,30.0,25.0,55.0,14.0,23.400000000000002,134.0,6.0,25.0,31.0,33.8,35.0,143.0,10.0,12.1,51.0
ARI,6,39.0,21.0,60.0,83.89999999999999,320.0,69.0,10.0,5.0,39.0,21.0,60.0,18.0,36.4,164.0,8.0,21.0,29.0,20.9,50.0,69.0,13.0,26.6,106.0
ARI,7,34.0,22.0,56.0,71.69999999999999,279.0,68.0,5.0,3.0,34.0,22.0,56.0,14.0,26.0,170.0,6.0,22.0,28.0,15.0,32.0,68.0,14.0,30.7,77.0
ARI,9,29.0,24.0,53.0,70.6,261.0,115.0,5.0,6.0,29.0,24.0,53.0,14.0,32.6,157.0,3.0,23.0,26.0,15.5,19.0,106.0,12.0,22.5,85.0
ARI,10,44.0,19.0,63.0,77.6,258.0,98.0,17.0,5.0,44.0,19.0,63.0,20.0,27.9,67.0,8.0,17.0,25.0,18.1,45.0,96.0,16.0,31.599999999999998,146.0
ARI,11,56.0,12.0,68.0,112.0,452.0,38.0,52.0,27.0,56.0,12.0,68.0,28.0,57.1,271.0,14.0,12.0,26.0,26.3,55.0,38.0,14.0,28.6,126.0
ARI,12,46.0,17.0,63.0,81.0,315.0,35.0,5.0,3.0,46.0,17.0,63.0,27.0,40.5,180.0,8.0,15.0,23.0,22.0,50.0,40.0,11.0,18.5,85.0
ATL,1,37.0,22.0,59.0,59.5,247.0,48.0,2.0,6.0,37.0,22.0,59.0,22.0,19.8,88.0,7.0,22.0,29.0,26.799999999999997,100.0,48.0,8.0,12.9,59.0
ATL,2,22.0,38.0,60.0,52.4,157.0,219.0,6.0,7.0,22.0,38.0,60.0,8.0,9.9,69.0,6.0,38.0,44.0,34.8,29.0,219.0,8.0,7.7,59.0
ATL,3,36.0,21.0,57.0,49.300000000000004,181.0,122.0,0.0,0.0,36.0,21.0,57.0,21.0,20.8,108.0,8.0,21.0,29.0,20.1,39.0,122.0,7.0,8.4,34.0
ATL,4,24.0,33.0,57.0,87.6,320.0,126.0,4.0,7.0,24.0,33.0,57.0,14.0,30.4,144.0,5.0,33.0,38.0,39.2,106.0,126.0,5.0,18.0,70.0
ATL,6,31.0,30.0,61.0,83.19999999999999,250.0,204.0,5.0,4.0,31.0,30.0,61.0,18.0,31.8,158.0,9.0,29.0,38.0,46.599999999999994,74.0,202.0,4.0,4.8,18.0
ATL,7,36.0,18.0,54.0,56.7,241.0,56.0,1.0,2.0,36.0,18.0,54.0,17.0,20.7,127.0,8.0,18.0,26.0,22.8,52.0,56.0,11.0,13.2,62.0
ATL,8,30.0,15.0,45.0,46.6,173.0,43.0,0.0,3.0,30.0,15.0,45.0,16.0,15.1,81.0,5.0,15.0,20.0,16.6,33.0,43.0,9.0,14.9,59.0
ATL,9,34.0,14.0,48.0,67.3,221.0,52.0,9.0,3.0,34.0,14.0,48.0,17.0,41.3,133.0,10.0,14.0,24.0,18.200000000000003,50.0,52.0,7.0,7.8,38.0
ATL,10,25.0,28.0,53.0,63.8,177.0,141.0,1.0,6.0,25.0,28.0,53.0,17.0,27.099999999999998,121.0,2.0,28.0,30.0,28.5,4.0,141.0,6.0,8.2,52.0
ATL,11,29.0,26.0,55.0,70.7,223.0,114.0,30.0,42.0,29.0,26.0,55.0,19.0,27.4,164.0,7.0,26.0,33.0,39.9,45.0,114.0,3.0,3.4,14.0
ATL,12,20.0,27.0,47.0,61.3,199.0,116.0,1.0,1.0,20.0,27.0,47.0,9.0,30.8,108.0,3.0,26.0,29.0,20.6,42.0,114.0,8.0,9.9,49.0
BAL,1,19.0,23.0,42.0,73.7,209.0,168.0,0.0,2.0,19.0,23.0,42.0,15.0,42.6,188.0,3.0,21.0,24.0,29.599999999999998,16.0,160.0,1.0,1.5,5.0
BAL,2,25.0,16.0,41.0,69.1,228.0,36.0,4.0,2.0,25.0,16.0,41.0,21.0,59.9,205.0,3.0,14.0,17.0,7.8,18.0,30.0,1.0,1.4,5.0
BAL,3,28.0,12.0,40.0,76.80000000000001,288.0,50.0,3.0,3.0,28.0,12.0,40.0,14.0,27.3,123.0,5.0,12.0,17.0,18.2,52.0,50.0,9.0,31.3,113.0
BAL,4,30.0,11.0,41.0,66.69999999999999,199.0,118.0,1.0,3.0,30.0,11.0,41.0,13.0,20.2,112.0,9.0,11.0,20.0,36.5,57.0,118.0,8.0,10.0,30.0
BAL,5,19.0,19.0,38.0,41.00000000000001,176.0,44.0,1.0,4.0,19.0,19.0,38.0,10.0,18.799999999999997,118.0,4.0,19.0,23.0,13.8,14.0,44.0,5.0,8.4,44.0
BAL,6,32.0,33.0,65.0,47.0,140.0,140.0,2.0,7.0,32.0,33.0,65.0,15.0,14.399999999999999,74.0,8.0,30.0,38.0,23.4,36.0,138.0,9.0,9.2,30.0
BAL,8,22.0,27.0,49.0,66.0,186.0,124.0,3.0,8.0,22.0,27.0,49.0,15.0,25.2,134.0,1.0,26.0,27.0,23.6,0.0,116.0,6.0,17.200000000000003,52.0
BAL,9,23.0,26.0,49.0,76.0,204.0,136.0,6.0,4.0,23.0,26.0,49.0,10.0,20.700000000000003,77.0,4.0,24.0,28.0,19.400000000000002,22.0,132.0,9.0,35.900000000000006,105.0
BAL,10,28.0,27.0,55.0,60.199999999999996,176.0,116.0,5.0,6.0,28.0,27.0,55.0,12.0,19.7,101.0,5.0,26.0,31.0,23.100000000000005,21.0,110.0,11.0,17.4,54.0
BAL,11,25.0,26.0,51.0,60.7,193.0,174.0,24.0,43.0,25.0,26.0,51.0,10.0,11.4,89.0,6.0,24.0,30.0,30.1,57.0,134.0,9.0,19.2,47.0
BAL,12,20.0,27.0,47.0,49.0,153.0,87.0,4.0,10.0,20.0,27.0,47.0,11.0,19.2,101.0,3.0,23.0,26.0,25.7,33.0,74.0,6.0,4.1,19.0
BUF,1,45.0,17.0,62.0,98.2,394.0,78.0,9.0,4.0,45.0,17.0,62.0,30.0,50.8,240.0,8.0,16.0,24.0,24.7,57.0,70.0,7.0,22.7,97.0
BUF,2,20.0,34.0,54.0,67.8,216.0,168.0,4.0,8.0,20.0,34.0,54.0,11.0,25.2,116.0,2.0,32.0,34.0,29.5,3.0,162.0,7.0,13.1,97.0
BUF,3,27.0,23.0,50.0,80.5,213.0,132.0,9.0,2.0,27.0,23.0,50.0,14.0,31.5,124.0,6.0,22.0,28.0,23.900000000000002,18.0,121.0,7.0,25.1,71.0
BUF,4,22.0,25.0,47.0,66.9,209.0,120.0,1.0,5.0,22.0,25.0,47.0,14.0,31.799999999999997,148.0,4.0,24.0,28.0,22.8,18.0,120.0,4.0,12.3,43.0
BUF,5,30.0,20.0,50.0,63.8,253.0,65.0,5.0,5.0,30.0,20.0,50.0,21.0,37.5,130.0,1.0,19.0,20.0,6.0,0.0,60.0,8.0,20.3,123.0
BUF,6,26.0,18.0,44.0,54.199999999999996,180.0,92.0,4.0,1.0,26.0,18.0,44.0,20.0,24.099999999999998,131.0,4.0,18.0,22.0,21.200000000000003,30.0,92.0,2.0,8.9,19.0
BUF,8,23.0,32.0,55.0,74.3,185.0,238.0,1.0,4.0,23.0,32.0,55.0,15.0,29.200000000000003,132.0,1.0,32.0,33.0,35.800000000000004,0.0,238.0,7.0,9.3,53.0
BUF,9,25.0,29.0,54.0,74.49999999999999,273.0,122.0,0.0,5.0,25.0,29.0,54.0,13.0,22.1,101.0,3.0,29.0,32.0,23.5,23.0,122.0,9.0,28.900000000000002,149.0
BUF,10,39.0,17.0,56.0,73.8,306.0,52.0,2.0,2.0,39.0,17.0,56.0,21.0,35.699999999999996,158.0,9.0,16.0,25.0,16.1,48.0,53.0,9.0,22.0,100.0
BUF,11,30.0,17.0,47.0,72.4,317.0,57.0,22.0,34.0,30.0,17.0,47.0,21.0,32.3,163.0,5.0,17.0,22.0,35.4,127.0,57.0,4.0,4.699999999999999,27.0
BUF,12,32.0,19.0,51.0,71.6,253.0,123.0,1.0,1.0,32.0,19.0,51.0,19.0,25.0,150.0,7.0,19.0,26.0,37.3,60.0,123.0,6.0,9.3,43.0
CAR,1,34.0,20.0,54.0,46.7,154.0,73.0,1.0,3.0,34.0,20.0,54.0,22.0,18.9,89.0,8.0,20.0,28.0,21.9,36.0,73.0,4.0,5.9,29.0
CAR,2,44.0,17.0,61.0,90.5,274.0,47.0,15.0,2.0,44.0,17.0,61.0,32.0,48.4,194.0,8.0,16.0,24.0,22.799999999999997,51.0,47.0,4.0,19.3,29.0
CAR,3,24.0,27.0,51.0,42.4,121.0,103.0,6.0,5.0,24.0,27.0,51.0,15.0,15.399999999999999,74.0,4.0,27.0,31.0,18.4,11.0,103.0,5.0,8.6,36.0
CAR,4,32.0,27.0,59.0,68.4,208.0,126.0,3.0,2.0,32.0,27.0,59.0,14.0,21.0,108.0,4.0,26.0,30.0,17.2,18.0,114.0,14.0,30.2,82.0
CAR,5,27.0,29.0,56.0,80.60000000000001,198.0,238.0,5.0,5.0,27.0,29.0,56.0,18.0,33.1,141.0,5.0,27.0,32.0,36.3,35.0,228.0,4.0,11.2,22.0
CAR,6,21.0,35.0,56.0,76.0,199.0,211.0,3.0,4.0,21.0,35.0,56.0,11.0,29.4,83.0,5.0,34.0,39.0,35.6,56.0,200.0,5.0,11.0,60.0
CAR,7,31.0,32.0,63.0,56.49999999999999,198.0,117.0,5.0,3.0,31.0,32.0,63.0,20.0,33.0,133.0,5.0,31.0,36.0,18.1,41.0,110.0,6.0,5.4,24.0
CAR,8,23.0,26.0,49.0,50.8,175.0,113.0,1.0,3.0,23.0,26.0,49.0,18.0,28.099999999999998,152.0,1.0,24.0,25.0,16.400000000000002,0.0,104.0,4.0,6.300000000000001,23.0
CAR,9,19.0,31.0,50.0,48.6,102.0,154.0,6.0,7.0,19.0,31.0,50.0,13.0,17.3,86.0,4.0,30.0,34.0,29.8,11.0,147.0,2.0,1.5,5.0
CAR,10,23.0,21.0,44.0,42.1,124.0,67.0,1.0,2.0,23.0,21.0,44.0,13.0,16.1,81.0,4.0,21.0,25.0,17.8,11.0,67.0,6.0,8.2,32.0
CAR,11,44.0,24.0,68.0,102.6,448.0,68.0,51.0,44.0,44.0,24.0,68.0,26.0,66.2,282.0,10.0,24.0,34.0,19.0,62.0,68.0,8.0,17.4,104.0
CAR,12,27.0,9.0,36.0,46.3,169.0,54.0,3.0,2.0,27.0,9.0,36.0,17.0,25.0,100.0,8.0,9.0,17.0,19.700000000000003,63.0,54.0,2.0,1.6,6.0
CHI,1,34.0,20.0,54.0,52.099999999999994,210.0,61.0,2.0,1.0,34.0,20.0,54.0,22.0,33.2,144.0,6.0,17.0,23.0,11.6,23.0,53.0,6.0,7.3,43.0
CHI,2,36.0,20.0,56.0,70.4,248.0,100.0,3.0,2.0,36.0,20.0,56.0,24.0,47.0,191.0,6.0,19.0,25.0,18.5,14.0,91.0,6.0,4.9,43.0
CHI,3,28.0,24.0,52.0,80.3,298.0,75.0,6.0,4.0,28.0,24.0,52.0,19.0,54.400000000000006,208.0,5.0,19.0,24.0,13.8,49.0,49.0,4.0,12.1,41.0
CHI,4,36.0,18.0,54.0,60.8,212.0,56.0,8.0,5.0,36.0,18.0,54.0,21.0,35.4,144.0,6.0,18.0,24.0,17.8,22.0,56.0,9.0,7.6,46.0
CHI,6,29.0,23.0,52.0,62.9,252.0,147.0,1.0,3.0,29.0,23.0,52.0,20.0,27.299999999999997,149.0,4.0,20.0,24.0,31.5,92.0,133.0,5.0,4.1,11.0
CHI,7,25.0,36.0,61.0,66.60000000000001,172.0,224.0,4.0,10.0,25.0,36.0,61.0,16.0,19.299999999999997,105.0,4.0,33.0,37.0,39.300000000000004,27.0,216.0,5.0,8.0,40.0
CHI,8,35.0,20.0,55.0,66.7,285.0,72.0,3.0,6.0,35.0,20.0,55.0,28.0,42.4,221.0,2.0,18.0,20.0,17.5,26.0,69.0,5.0,6.8,38.0
CHI,9,32.0,32.0,64.0,105.1,280.0,230.0,4.0,10.0,32.0,32.0,64.0,17.0,40.8,130.0,6.0,31.0,37.0,32.5,22.0,213.0,9.0,31.8,128.0
CHI,10,36.0,20.0,56.0,64.80000000000001,220.0,108.0,3.0,3.0,36.0,20.0,56.0,21.0,30.200000000000003,142.0,9.0,20.0,29.0,23.6,18.0,108.0,6.0,11.0,60.0
CHI,11,28.0,35.0,63.0,52.699999999999996,193.0,114.0,28.0,49.0,28.0,35.0,63.0,14.0,14.9,86.0,2.0,34.0,36.0,19.5,14.0,111.0,12.0,18.3,93.0
CHI,12,30.0,21.0,51.0,72.7,239.0,78.0,3.0,6.0,30.0,21.0,51.0,22.0,42.400000000000006,169.0,1.0,20.0,21.0,12.700000000000001,14.0,63.0,7.0,17.599999999999998,56.0
CIN,1,23.0,21.0,44.0,41.599999999999994,113.0,43.0,4.0,4.0,23.0,21.0,44.0,9.0,10.899999999999999,59.0,5.0,21.0,26.0,15.7,14.0,43.0,9.0,15.0,40.0
CIN,2,42.0,16.0,58.0,82.39999999999999,304.0,47.0,6.0,3.0,42.0,16.0,58.0,30.0,61.6,246.0,3.0,16.0,19.0,8.5,18.0,47.0,9.0,12.3,40.0
CIN,3,26.0,20.0,46.0,38.00000000000001,140.0,50.0,1.0,1.0,26.0,20.0,46.0,9.0,11.4,65.0,5.0,19.0,24.0,7.8,17.0,41.0,12.0,18.799999999999997,58.0
CIN,4,22.0,12.0,34.0,31.400000000000002,125.0,49.0,2.0,1.0,22.0,12.0,34.0,17.0,19.1,86.0,4.0,11.0,15.0,10.5,31.0,44.0,1.0,1.8,8.0
CIN,5,40.0,12.0,52.0,74.5,251.0,54.0,4.0,0.0,40.0,12.0,52.0,24.0,53.400000000000006,214.0,10.0,12.0,22.0,16.700000000000003,23.0,54.0,6.0,4.4,14.0
CIN,6,40.0,16.0,56.0,70.4,219.0,55.0,6.0,1.0,40.0,16.0,56.0,24.0,37.8,161.0,5.0,15.0,20.0,14.100000000000001,23.0,58.0,11.0,18.5,35.0
CIN,7,45.0,18.0,63.0,97.1,342.0,139.0,8.0,4.0,45.0,18.0,63.0,37.0,67.6,306.0,4.0,18.0,22.0,15.1,-8.0,139.0,4.0,14.4,44.0
CIN,8,33.0,21.0,54.0,84.0,223.0,167.0,2.0,6.0,33.0,21.0,54.0,24.0,32.5,135.0,4.0,21.0,25.0,42.5,38.0,167.0,5.0,9.0,50.0
CIN,9,45.0,14.0,59.0,108.7,470.0,47.0,6.0,2.0,45.0,14.0,59.0,26.0,71.9,325.0,14.0,13.0,27.0,19.8,75.0,43.0,5.0,17.0,70.0
CIN,11,39.0,21.0,60.0,57.50000000000001,199.0,106.0,39.0,19.0,39.0,21.0,60.0,22.0,26.3,113.0,8.0,21.0,29.0,19.4,28.0,106.0,9.0,11.8,58.0
CIN,12,34.0,22.0,56.0,57.4,197.0,117.0,1.0,0.0,34.0,22.0,56.0,20.0,29.6,121.0,5.0,21.0,26.0,15.5,23.0,112.0,9.0,12.3,53.0
CLE,1,42.0,22.0,64.0,76.3,290.0,43.0,4.0,6.0,42.0,22.0,64.0,18.0,30.9,129.0,9.0,21.0,30.0,25.1,61.0,40.0,15.0,20.3,100.0
CLE,2,46.0,21.0,67.0,72.5,230.0,107.0,3.0,0.0,46.0,21.0,67.0,19.0,23.299999999999997,84.0,12.0,20.0,32.0,31.4,46.0,98.0,15.0,17.8,100.0
CLE,3,32.0,19.0,51.0,50.8,142.0,96.0,3.0,4.0,32.0,19.0,51.0,15.0,14.599999999999998,66.0,6.0,19.0,25.0,21.7,11.0,96.0,11.0,14.5,65.0
CLE,4,34.0,24.0,58.0,48.4,184.0,80.0,4.0,4.0,34.0,24.0,58.0,17.0,18.2,112.0,7.0,23.0,30.0,22.6,37.0,79.0,10.0,7.6,35.0
CLE,5,34.0,30.0,64.0,67.8,213.0,135.0,7.0,9.0,34.0,30.0,64.0,13.0,12.700000000000001,66.0,6.0,29.0,35.0,20.8,44.0,124.0,15.0,34.3,103.0
CLE,6,51.0,17.0,68.0,57.6,221.0,65.0,9.0,1.0,51.0,17.0,68.0,25.0,19.7,87.0,9.0,17.0,26.0,16.0,25.0,65.0,17.0,21.9,109.0
CLE,7,18.0,29.0,47.0,51.8,116.0,92.0,2.0,6.0,18.0,29.0,47.0,9.0,10.7,57.0,3.0,29.0,32.0,32.1,19.0,92.0,6.0,9.0,40.0
CLE,8,33.0,15.0,48.0,54.1,156.0,55.0,4.0,0.0,33.0,15.0,48.0,9.0,8.5,31.0,11.0,12.0,23.0,13.5,26.0,19.0,13.0,32.099999999999994,99.0
CLE,10,32.0,27.0,59.0,56.1,167.0,104.0,3.0,1.0,32.0,27.0,59.0,18.0,26.1,89.0,5.0,25.0,30.0,11.5,13.0,72.0,9.0,18.5,65.0
CLE,11,25.0,20.0,45.0,31.299999999999997,115.0,88.0,42.0,33.0,25.0,20.0,45.0,15.0,17.0,82.0,3.0,19.0,22.0,8.0,0.0,80.0,7.0,6.3,33.0
CLE,12,18.0,26.0,44.0,54.4,209.0,65.0,0.0,4.0,18.0,26.0,44.0,9.0,13.4,110.0,3.0,24.0,27.0,32.599999999999994,59.0,67.0,6.0,8.4,40.0
DAL,1,33.0,21.0,54.0,61.39999999999999,188.0,116.0,1.0,5.0,33.0,21.0,54.0,21.0,29.7,158.0,4.0,19.0,23.0,24.4,7.0,107.0,8.0,7.3,23.0
DAL,2,45.0,25.0,70.0,109.9,303.0,118.0,6.0,4.0,45.0,25.0,70.0,28.0,56.900000000000006,243.0,9.0,23.0,32.0,34.9,37.0,112.0,8.0,18.1,23.0
DAL,3,44.0,20.0,64.0,81.3,292.0,121.0,11.0,2.0,44.0,20.0,64.0,21.0,38.1,177.0,8.0,19.0,27.0,20.5,28.0,117.0,15.0,22.7,87.0
DAL,4,38.0,25.0,63.0,98.39999999999999,319.0,115.0,3.0,5.0,38.0,25.0,63.0,23.0,54.5,239.0,6.0,23.0,29.0,24.1,32.0,99.0,9.0,19.8,48.0
DAL,5,28.0,22.0,50.0,86.89999999999999,237.0,152.0,4.0,4.0,28.0,22.0,50.0,14.0,32.099999999999994,171.0,3.0,20.0,23.0,29.599999999999998,14.0,142.0,11.0,25.2,52.0
DAL,6,34.0,17.0,51.0,72.3,261.0,32.0,10.0,3.0,34.0,17.0,51.0,18.0,39.9,206.0,10.0,16.0,26.0,17.1,12.0,29.0,6.0,15.3,43.0
DAL,7,30.0,26.0,56.0,85.9,264.0,145.0,5.0,4.0,30.0,26.0,56.0,17.0,39.50000000000001,225.0,6.0,26.0,32.0,24.5,10.0,145.0,7.0,21.9,29.0
DAL,8,35.0,25.0,60.0,72.3,246.0,77.0,2.0,6.0,35.0,25.0,60.0,28.0,44.599999999999994,204.0,2.0,24.0,26.0,21.299999999999997,8.0,75.0,5.0,6.4,34.0
DAL,9,36.0,17.0,53.0,59.89999999999999,250.0,89.0,6.0,4.0,36.0,17.0,53.0,26.0,41.89999999999999,186.0,1.0,16.0,17.0,7.6,0.0,86.0,9.0,10.4,64.0
DAL,11,32.0,27.0,59.0,87.6,268.0,118.0,59.0,35.0,32.0,27.0,59.0,22.0,55.2,212.0,4.0,27.0,31.0,19.4,36.0,118.0,6.0,13.0,20.0
DAL,12,35.0,26.0,61.0,80.0,354.0,116.0,7.0,5.0,35.0,26.0,61.0,23.0,45.300000000000004,269.0,4.0,23.0,27.0,16.2,21.0,111.0,8.0,18.5,64.0
DEN,1,37.0,22.0,59.0,65.89999999999999,176.0,133.0,2.0,3.0,37.0,22.0,59.0,20.0,30.0,120.0,10.0,22.0,32.0,27.700000000000003,24.0,133.0,7.0,8.2,32.0
DEN,2,32.0,21.0,53.0,76.4,216.0,98.0,5.0,4.0,32.0,21.0,53.0,19.0,41.1,140.0,6.0,20.0,26.0,23.099999999999998,44.0,87.0,7.0,12.2,32.0
DEN,3,23.0,13.0,36.0,49.8,153.0,85.0,1.0,1.0,23.0,13.0,36.0,16.0,28.0,130.0,5.0,13.0,18.0,19.9,14.0,85.0,2.0,1.9,9.0
DEN,4,42.0,32.0,74.0,97.50000000000001,326.0,179.0,7.0,6.0,42.0,32.0,74.0,21.0,49.1,205.0,8.0,31.0,39.0,33.800000000000004,55.0,163.0,13.0,14.600000000000001,66.0
DEN,5,36.0,26.0,62.0,73.0,242.0,108.0,2.0,4.0,36.0,26.0,62.0,22.0,32.8,159.0,6.0,25.0,31.0,24.8,39.0,99.0,8.0,15.4,44.0
DEN,6,26.0,21.0,47.0,45.8,174.0,54.0,3.0,1.0,26.0,21.0,47.0,12.0,14.799999999999999,88.0,6.0,18.0,24.0,10.8,21.0,47.0,8.0,20.200000000000003,65.0
DEN,7,48.0,19.0,67.0,80.30000000000001,279.0,94.0,12.0,2.0,48.0,19.0,67.0,31.0,47.0,197.0,6.0,18.0,24.0,20.099999999999998,20.0,81.0,11.0,13.2,62.0
DEN,8,27.0,26.0,53.0,97.79999999999998,247.0,181.0,3.0,5.0,27.0,26.0,53.0,19.0,51.4,196.0,3.0,23.0,26.0,38.800000000000004,15.0,163.0,5.0,7.6,36.0
DEN,9,34.0,20.0,54.0,53.7,173.0,64.0,0.0,0.0,34.0,20.0,54.0,20.0,22.9,93.0,9.0,18.0,27.0,26.300000000000004,55.0,68.0,5.0,4.5,25.0
DEN,10,27.0,22.0,49.0,45.60000000000001,150.0,86.0,3.0,2.0,27.0,22.0,49.0,15.0,25.7,107.0,6.0,22.0,28.0,15.5,29.0,86.0,6.0,4.4,14.0
DEN,11,35.0,18.0,53.0,64.6,295.0,51.0,42.0,13.0,35.0,18.0,53.0,22.0,35.699999999999996,225.0,7.0,17.0,24.0,19.8,29.0,49.0,6.0,9.1,41.0
DET,1,38.0,21.0,59.0,64.2,225.0,47.0,9.0,3.0,38.0,21.0,59.0,15.0,27.0,97.0,14.0,20.0,34.0,23.3,49.0,44.0,9.0,13.9,79.0
DET,2,30.0,29.0,59.0,115.5,359.0,171.0,4.0,11.0,30.0,29.0,59.0,17.0,65.2,266.0,4.0,26.0,30.0,32.9,14.0,155.0,9.0,17.4,79.0
DET,3,26.0,34.0,60.0,91.99999999999999,202.0,218.0,6.0,10.0,26.0,34.0,60.0,15.0,28.4,124.0,7.0,34.0,41.0,56.3,45.0,218.0,4.0,7.3,33.0
DET,4,25.0,27.0,52.0,67.9,168.0,111.0,3.0,6.0,25.0,27.0,52.0,18.0,41.0,123.0,3.0,26.0,29.0,20.0,6.0,114.0,4.0,6.9,39.0
DET,5,23.0,31.0,54.0,92.2,261.0,120.0,4.0,12.0,23.0,31.0,54.0,11.0,28.2,121.0,3.0,30.0,33.0,34.9,39.0,119.0,9.0,29.1,101.0
DET,6,27.0,22.0,49.0,64.4,203.0,91.0,3.0,4.0,27.0,22.0,49.0,17.0,32.3,111.0,4.0,21.0,25.0,15.6,37.0,89.0,6.0,16.5,55.0
DET,7,28.0,30.0,58.0,77.8,241.0,157.0,1.0,1.0,28.0,30.0,58.0,16.0,25.3,103.0,6.0,30.0,36.0,42.699999999999996,100.0,157.0,6.0,9.8,38.0
DET,9,36.0,20.0,56.0,75.9,284.0,65.0,4.0,4.0,36.0,20.0,56.0,20.0,35.3,163.0,7.0,20.0,27.0,16.8,13.0,65.0,9.0,23.8,108.0
DET,10,32.0,32.0,64.0,111.7,320.0,227.0,7.0,6.0,32.0,32.0,64.0,20.0,52.699999999999996,237.0,5.0,31.0,36.0,48.7,30.0,217.0,7.0,10.3,53.0
DET,11,36.0,19.0,55.0,53.0,255.0,75.0,36.0,60.0,36.0,19.0,55.0,20.0,25.9,130.0,9.0,18.0,27.0,24.3,117.0,66.0,7.0,2.8,8.0
DET,12,38.0,20.0,58.0,103.6,279.0,237.0,3.0,1.0,38.0,20.0,58.0,19.0,35.6,186.0,15.0,20.0,35.0,62.1,64.0,237.0,4.0,5.9,29.0
GB,1,22.0,22.0,44.0,60.2,188.0,74.0,6.0,5.0,22.0,22.0,44.0,14.0,32.0,160.0,2.0,21.0,23.0,15.7,6.0,71.0,6.0,12.5,22.0
GB,2,24.0,27.0,51.0,78.5,158.0,123.0,3.0,7.0,24.0,27.0,51.0,14.0,28.8,109.0,4.0,23.0,27.0,20.1,27.0,84.0,6.0,29.599999999999998,22.0
GB,3,25.0,27.0,52.0,48.6,183.0,63.0,2.0,4.0,25.0,27.0,52.0,10.0,18.599999999999998,98.0,9.0,22.0,31.0,14.9,44.0,55.0,6.0,15.1,41.0
GB,4,36.0,32.0,68.0,108.29999999999998,337.0,136.0,9.0,9.0,36.0,32.0,68.0,22.0,52.2,166.0,8.0,30.0,38.0,43.9,109.0,130.0,6.0,12.2,62.0
GB,6,26.0,26.0,52.0,75.60000000000001,259.0,127.0,2.0,4.0,26.0,26.0,52.0,16.0,27.8,156.0,6.0,22.0,28.0,33.8,53.0,105.0,4.0,14.0,50.0
GB,7,28.0,19.0,47.0,62.10000000000001,179.0,72.0,4.0,6.0,28.0,19.0,47.0,14.0,22.4,114.0,3.0,19.0,22.0,21.3,1.0,72.0,11.0,18.400000000000002,64.0
GB,8,35.0,25.0,60.0,100.5,360.0,95.0,4.0,7.0,35.0,25.0,60.0,17.0,39.099999999999994,170.0,7.0,24.0,31.0,25.2,38.0,94.0,11.0,36.199999999999996,152.0
GB,9,35.0,24.0,59.0,67.6,273.0,103.0,6.0,8.0,35.0,24.0,59.0,20.0,30.1,181.0,9.0,23.0,32.0,27.1,38.0,103.0,6.0,10.4,54.0
GB,10,33.0,22.0,55.0,49.3,176.0,76.0,1.0,1.0,33.0,22.0,55.0,23.0,22.9,118.0,7.0,22.0,29.0,21.099999999999998,35.0,76.0,3.0,5.3,23.0
GB,11,25.0,20.0,45.0,69.50000000000001,180.0,105.0,29.0,56.0,25.0,20.0,45.0,19.0,41.199999999999996,165.0,2.0,19.0,21.0,18.700000000000003,9.0,88.0,4.0,9.6,6.0
GB,12,21.0,37.0,58.0,54.400000000000006,146.0,128.0,2.0,7.0,21.0,37.0,58.0,14.0,19.400000000000002,104.0,3.0,36.0,39.0,30.1,23.0,128.0,4.0,4.9,19.0
HOU,1,27.0,22.0,49.0,44.0,188.0,82.0,1.0,1.0,27.0,22.0,49.0,14.0,22.6,121.0,4.0,21.0,25.0,9.4,17.0,77.0,9.0,12.0,50.0
HOU,2,27.0,15.0,42.0,51.4,228.0,57.0,5.0,2.0,27.0,15.0,42.0,15.0,24.199999999999996,112.0,3.0,15.0,18.0,21.299999999999997,66.0,57.0,9.0,5.9,50.0
HOU,3,36.0,15.0,51.0,55.9,204.0,65.0,2.0,1.0,36.0,15.0,51.0,24.0,35.4,154.0,6.0,15.0,21.0,11.6,11.0,65.0,6.0,8.9,39.0
HOU,4,28.0,31.0,59.0,75.1,233.0,118.0,1.0,1.0,28.0,31.0,59.0,15.0,31.0,138.0,7.0,30.0,37.0,36.099999999999994,65.0,116.0,6.0,8.0,30.0
HOU,5,29.0,29.0,58.0,90.80000000000001,244.0,134.0,8.0,4.0,29.0,29.0,58.0,19.0,60.2,179.0,2.0,27.0,29.0,18.099999999999998,0.0,121.0,8.0,12.5,65.0
HOU,7,46.0,15.0,61.0,55.0,229.0,31.0,7.0,2.0,46.0,15.0,61.0,27.0,21.6,116.0,9.0,15.0,24.0,14.6,15.0,31.0,10.0,18.8,98.0
HOU,8,38.0,29.0,67.0,86.5,318.0,127.0,1.0,4.0,38.0,29.0,67.0,27.0,55.4,224.0,7.0,29.0,36.0,26.700000000000003,70.0,127.0,4.0,4.4,24.0
HOU,9,39.0,24.0,63.0,50.400000000000006,216.0,58.0,1.0,8.0,39.0,24.0,63.0,25.0,28.2,135.0,4.0,23.0,27.0,7.3,2.0,61.0,10.0,14.899999999999999,79.0
HOU,10,44.0,19.0,63.0,87.2,292.0,110.0,12.0,4.0,44.0,19.0,63.0,29.0,46.6,216.0,4.0,19.0,23.0,22.3,23.0,110.0,11.0,18.3,53.0
HOU,11,40.0,21.0,61.0,65.5,274.0,61.0,42.0,27.0,40.0,21.0,61.0,27.0,44.7,207.0,4.0,21.0,25.0,9.7,16.0,61.0,9.0,11.1,51.0
HOU,12,28.0,24.0,52.0,53.699999999999996,153.0,104.0,8.0,8.0,28.0,24.0,52.0,20.0,41.5,151.0,2.0,22.0,24.0,10.4,-6.0,90.0,6.0,1.8,8.0
IND,1,29.0,33.0,62.0,68.2,272.0,130.0,3.0,10.0,29.0,33.0,62.0,16.0,33.4,149.0,3.0,31.0,34.0,16.9,27.0,112.0,10.0,17.9,96.0
IND,2,35.0,26.0,61.0,77.10000000000001,325.0,165.0,8.0,4.0,35.0,26.0,61.0,22.0,33.9,179.0,3.0,25.0,28.0,29.5,50.0,165.0,10.0,13.700000000000001,96.0
IND,3,25.0,20.0,45.0,75.89999999999999,228.0,111.0,1.0,5.0,25.0,20.0,45.0,16.0,35.400000000000006,174.0,4.0,20.0,24.0,33.699999999999996,16.0,111.0,5.0,6.8,38.0
IND,4,32.0,20.0,52.0,68.8,262.0,86.0,1.0,4.0,32.0,20.0,52.0,20.0,34.9,172.0,6.0,17.0,23.0,15.6,20.0,76.0,6.0,18.3,70.0
IND,5,29.0,24.0,53.0,88.60000000000001,212.0,94.0,5.0,11.0,29.0,24.0,53.0,20.0,33.8,148.0,5.0,24.0,29.0,40.400000000000006,20.0,94.0,4.0,14.4,44.0
IND,6,30.0,22.0,52.0,74.2,212.0,130.0,7.0,5.0,30.0,22.0,52.0,14.0,27.0,110.0,5.0,22.0,27.0,26.3,23.0,130.0,11.0,20.900000000000002,79.0
IND,7,32.0,18.0,50.0,95.1,288.0,113.0,6.0,5.0,32.0,18.0,50.0,21.0,38.7,167.0,4.0,18.0,22.0,37.900000000000006,46.0,113.0,7.0,18.5,75.0
IND,8,28.0,16.0,44.0,94.19999999999999,272.0,160.0,2.0,1.0,28.0,16.0,44.0,19.0,45.5,195.0,3.0,16.0,19.0,39.4,24.0,160.0,6.0,9.3,53.0
IND,9,48.0,15.0,63.0,74.0,342.0,48.0,7.0,2.0,48.0,15.0,63.0,35.0,55.4,294.0,5.0,15.0,20.0,11.0,22.0,48.0,8.0,7.6,26.0
IND,10,26.0,34.0,60.0,95.5,255.0,270.0,1.0,8.0,26.0,34.0,60.0,11.0,25.799999999999997,106.0,4.0,33.0,37.0,51.8,50.0,248.0,11.0,17.9,99.0
IND,12,31.0,16.0,47.0,54.9,181.0,58.0,7.0,3.0,31.0,16.0,47.0,17.0,26.1,111.0,4.0,16.0,20.0,8.6,8.0,58.0,10.0,20.200000000000003,62.0
JAC,1,29.0,23.0,52.0,66.4,178.0,176.0,2.0,7.0,29.0,23.0,52.0,19.0,27.1,96.0,4.0,20.0,24.0,21.8,17.0,161.0,6.0,17.5,65.0
JAC,2,42.0,25.0,67.0,82.60000000000001,319.0,135.0,11.0,7.0,42.0,25.0,67.0,31.0,44.300000000000004,204.0,5.0,24.0,29.0,33.599999999999994,50.0,126.0,6.0,4.7,65.0
JAC,3,38.0,22.0,60.0,61.900000000000006,222.0,77.0,1.0,3.0,38.0,22.0,60.0,23.0,23.300000000000004,133.0,4.0,22.0,26.0,21.6,9.0,77.0,11.0,17.0,80.0
JAC,4,30.0,25.0,55.0,70.8,174.0,144.0,4.0,0.0,30.0,25.0,55.0,15.0,24.599999999999998,90.0,4.0,23.0,27.0,24.4,16.0,138.0,11.0,21.8,68.0
JAC,5,25.0,16.0,41.0,51.60000000000001,221.0,55.0,5.0,5.0,25.0,16.0,41.0,17.0,34.5,175.0,5.0,16.0,21.0,10.9,14.0,55.0,3.0,6.2,32.0
JAC,6,42.0,16.0,58.0,69.80000000000001,258.0,50.0,0.0,0.0,42.0,16.0,58.0,27.0,47.0,173.0,10.0,15.0,25.0,16.5,52.0,43.0,5.0,6.3,33.0
JAC,7,47.0,17.0,64.0,66.2,296.0,76.0,4.0,2.0,47.0,17.0,64.0,36.0,50.599999999999994,256.0,4.0,13.0,17.0,10.1,15.0,66.0,7.0,5.5,25.0
JAC,9,33.0,33.0,66.0,63.7,220.0,127.0,5.0,15.0,33.0,33.0,66.0,23.0,33.9,185.0,7.0,32.0,39.0,28.2,29.0,123.0,3.0,1.6,6.0
JAC,10,23.0,22.0,45.0,52.699999999999996,158.0,59.0,4.0,9.0,23.0,22.0,45.0,14.0,30.299999999999997,107.0,7.0,20.0,27.0,19.3,30.0,63.0,2.0,3.1,21.0
JAC,11,22.0,42.0,64.0,71.6,153.0,183.0,33.0,61.0,22.0,42.0,64.0,14.0,28.7,117.0,2.0,42.0,44.0,36.3,0.0,183.0,6.0,6.6,36.0
JAC,12,30.0,23.0,53.0,72.10000000000001,256.0,105.0,7.0,4.0,30.0,23.0,53.0,18.0,33.1,121.0,5.0,23.0,28.0,22.5,30.0,105.0,7.0,16.5,105.0
KC,1,38.0,11.0,49.0,59.89999999999999,258.0,41.0,5.0,1.0,38.0,11.0,49.0,27.0,36.5,195.0,6.0,10.0,16.0,9.399999999999999,13.0,41.0,5.0,14.0,50.0
KC,2,23.0,19.0,42.0,46.2,175.0,55.0,2.0,3.0,23.0,19.0,42.0,14.0,26.5,115.0,4.0,19.0,23.0,8.5,10.0,55.0,5.0,11.2,50.0
KC,3,35.0,23.0,58.0,66.7,224.0,103.0,4.0,2.0,35.0,23.0,58.0,19.0,36.900000000000006,168.0,3.0,22.0,25.0,18.5,13.0,92.0,13.0,11.3,43.0
KC,4,35.0,26.0,61.0,87.6,270.0,116.0,12.0,4.0,35.0,26.0,61.0,21.0,51.6,168.0,8.0,24.0,32.0,25.099999999999998,53.0,78.0,6.0,10.9,49.0
KC,5,40.0,16.0,56.0,88.6,318.0,98.0,6.0,5.0,40.0,16.0,56.0,25.0,35.6,197.0,7.0,15.0,22.0,33.9,60.0,89.0,8.0,19.1,61.0
KC,6,28.0,19.0,47.0,73.7,257.0,80.0,6.0,5.0,28.0,19.0,47.0,11.0,39.8,122.0,8.0,18.0,26.0,15.6,32.0,74.0,9.0,18.3,103.0
KC,7,34.0,34.0,68.0,91.30000000000001,286.0,127.0,9.0,8.0,34.0,34.0,68.0,23.0,51.8,165.0,7.0,33.0,40.0,27.3,39.0,114.0,4.0,12.2,82.0
KC,8,32.0,26.0,58.0,90.69999999999999,299.0,118.0,2.0,0.0,32.0,26.0,58.0,19.0,40.7,175.0,1.0,24.0,25.0,23.799999999999997,2.0,106.0,12.0,26.2,122.0
KC,9,29.0,19.0,48.0,61.4,250.0,74.0,1.0,8.0,29.0,19.0,48.0,20.0,35.1,178.0,3.0,16.0,19.0,13.7,6.0,61.0,6.0,12.6,66.0
KC,11,43.0,13.0,56.0,74.5,276.0,59.0,45.0,32.0,43.0,13.0,56.0,20.0,30.4,164.0,6.0,13.0,19.0,16.0,11.0,59.0,17.0,28.1,101.0
KC,12,43.0,37.0,80.0,82.00000000000001,352.0,118.0,8.0,8.0,43.0,37.0,80.0,24.0,37.800000000000004,218.0,9.0,36.0,45.0,30.3,66.0,117.0,10.0,13.9,68.0
LAC,1,34.0,18.0,52.0,80.6,318.0,58.0,3.0,4.0,34.0,18.0,52.0,28.0,60.5,232.0,3.0,16.0,19.0,10.1,18.0,53.0,3.0,10.0,68.0
LAC,2,29.0,17.0,46.0,60.2,303.0,50.0,2.0,5.0,29.0,17.0,46.0,22.0,48.2,214.0,4.0,16.0,20.0,10.3,21.0,52.0,3.0,1.7,68.0
LAC,3,46.0,26.0,72.0,78.0,300.0,100.0,10.0,2.0,46.0,26.0,72.0,29.0,40.699999999999996,195.0,7.0,25.0,32.0,27.7,59.0,98.0,10.0,9.6,46.0
LAC,4,38.0,12.0,50.0,67.0,203.0,128.0,0.0,0.0,38.0,12.0,50.0,27.0,34.6,146.0,6.0,12.0,18.0,27.5,38.0,128.0,5.0,4.9,19.0
LAC,5,32.0,22.0,54.0,58.4,210.0,84.0,4.0,5.0,32.0,22.0,54.0,20.0,32.6,137.0,8.0,21.0,29.0,18.4,29.0,75.0,4.0,7.4,44.0
LAC,6,38.0,24.0,62.0,79.2,264.0,138.0,12.0,7.0,38.0,24.0,62.0,23.0,37.5,155.0,5.0,24.0,29.0,26.1,23.0,138.0,10.0,15.600000000000001,86.0
LAC,7,54.0,10.0,64.0,99.29999999999998,420.0,23.0,11.0,3.0,54.0,10.0,64.0,37.0,59.89999999999999,239.0,7.0,10.0,17.0,10.0,17.0,23.0,10.0,29.4,164.0
LAC,8,24.0,36.0,60.0,79.2,227.0,145.0,1.0,5.0,24.0,36.0,60.0,17.0,38.0,140.0,2.0,36.0,38.0,22.5,10.0,145.0,5.0,18.7,77.0
LAC,9,28.0,21.0,49.0,56.2,250.0,74.0,4.0,2.0,28.0,21.0,49.0,20.0,34.8,168.0,2.0,21.0,23.0,7.4,2.0,74.0,6.0,14.0,80.0
LAC,10,33.0,26.0,59.0,63.60000000000001,220.0,96.0,6.0,3.0,33.0,26.0,59.0,24.0,37.49999999999999,175.0,1.0,26.0,27.0,17.900000000000002,13.0,96.0,8.0,8.2,32.0
LAC,11,24.0,10.0,34.0,26.800000000000004,118.0,20.0,54.0,21.0,24.0,10.0,34.0,15.0,15.8,78.0,4.0,10.0,14.0,4.9,-1.0,20.0,5.0,6.1,41.0
LAR,1,28.0,21.0,49.0,62.900000000000006,245.0,74.0,2.0,5.0,28.0,21.0,49.0,21.0,38.7,221.0,3.0,19.0,22.0,16.5,17.0,68.0,4.0,7.700000000000001,7.0
LAR,2,31.0,23.0,54.0,92.30000000000001,260.0,155.0,9.0,6.0,31.0,23.0,54.0,25.0,56.400000000000006,239.0,2.0,22.0,24.0,20.4,14.0,110.0,4.0,15.5,7.0
LAR,3,33.0,31.0,64.0,66.6,196.0,160.0,5.0,4.0,33.0,31.0,64.0,27.0,40.8,175.0,3.0,28.0,31.0,24.5,18.0,147.0,3.0,1.3,3.0
LAR,4,40.0,22.0,62.0,92.3,375.0,98.0,4.0,0.0,40.0,22.0,62.0,24.0,69.1,321.0,8.0,22.0,30.0,14.0,12.0,98.0,8.0,9.2,42.0
LAR,5,46.0,15.0,61.0,92.7,389.0,78.0,9.0,4.0,46.0,15.0,61.0,30.0,52.8,278.0,12.0,15.0,27.0,32.4,66.0,78.0,4.0,7.5,45.0
LAR,6,26.0,19.0,45.0,54.4,181.0,73.0,5.0,4.0,26.0,19.0,45.0,18.0,19.7,97.0,2.0,18.0,20.0,19.0,37.0,73.0,6.0,15.7,47.0
LAR,7,33.0,24.0,57.0,78.30000000000001,182.0,91.0,9.0,5.0,33.0,24.0,57.0,16.0,40.4,64.0,4.0,24.0,28.0,13.8,17.0,91.0,13.0,24.1,101.0
LAR,9,31.0,39.0,70.0,99.6,281.0,175.0,10.0,8.0,31.0,39.0,70.0,18.0,49.0,167.0,0.0,38.0,38.0,23.2,0.0,172.0,13.0,27.400000000000002,114.0
LAR,10,34.0,27.0,61.0,100.89999999999999,280.0,129.0,6.0,5.0,34.0,27.0,61.0,17.0,39.49999999999999,155.0,3.0,27.0,30.0,28.0,11.0,129.0,14.0,33.4,114.0
LAR,11,27.0,22.0,49.0,55.9,130.0,119.0,59.0,47.0,27.0,22.0,49.0,19.0,25.1,93.0,4.0,20.0,24.0,18.1,0.0,101.0,4.0,12.7,37.0
LAR,12,34.0,19.0,53.0,77.3,273.0,70.0,5.0,1.0,34.0,19.0,53.0,24.0,49.099999999999994,201.0,1.0,19.0,20.0,8.2,2.0,70.0,9.0,20.0,70.0
LV,1,33.0,22.0,55.0,76.8,362.0,46.0,1.0,2.0,33.0,22.0,55.0,19.0,40.9,219.0,2.0,22.0,24.0,12.8,2.0,46.0,12.0,23.1,141.0
LV,2,45.0,14.0,59.0,46.800000000000004,274.0,48.0,7.0,1.0,45.0,14.0,59.0,24.0,20.700000000000003,100.0,9.0,13.0,22.0,14.400000000000002,33.0,41.0,12.0,11.700000000000001,141.0
LV,3,27.0,26.0,53.0,76.7,289.0,88.0,3.0,3.0,27.0,26.0,53.0,18.0,57.1,247.0,3.0,25.0,28.0,9.8,4.0,84.0,6.0,9.8,38.0
LV,4,20.0,27.0,47.0,62.599999999999994,117.0,209.0,4.0,5.0,20.0,27.0,47.0,11.0,11.2,43.0,3.0,25.0,28.0,41.8,28.0,200.0,6.0,9.6,46.0
LV,5,36.0,22.0,58.0,57.599999999999994,228.0,98.0,7.0,3.0,36.0,22.0,58.0,20.0,25.9,130.0,7.0,21.0,28.0,18.1,42.0,89.0,9.0,13.6,56.0
LV,6,22.0,28.0,50.0,53.5,174.0,71.0,3.0,8.0,22.0,28.0,50.0,10.0,19.9,109.0,4.0,28.0,32.0,16.200000000000003,11.0,71.0,8.0,17.4,54.0
LV,7,17.0,8.0,25.0,21.900000000000002,75.0,24.0,0.0,0.0,17.0,8.0,25.0,11.0,11.600000000000001,46.0,3.0,8.0,11.0,7.000000000000001,16.0,24.0,3.0,3.3,13.0
LV,9,38.0,14.0,52.0,86.19999999999999,284.0,48.0,8.0,3.0,38.0,14.0,52.0,11.0,13.1,61.0,6.0,13.0,19.0,22.299999999999997,61.0,42.0,21.0,50.8,162.0
LV,10,25.0,22.0,47.0,43.00000000000001,143.0,67.0,1.0,2.0,25.0,22.0,47.0,12.0,16.3,76.0,6.0,20.0,26.0,17.8,14.0,64.0,7.0,8.9,53.0
LV,11,39.0,8.0,47.0,58.099999999999994,238.0,13.0,31.0,28.0,39.0,8.0,47.0,12.0,23.9,99.0,10.0,8.0,18.0,12.7,34.0,13.0,17.0,21.5,105.0
LV,12,42.0,18.0,60.0,69.7,285.0,52.0,2.0,0.0,42.0,18.0,60.0,17.0,18.4,104.0,11.0,18.0,29.0,29.8,76.0,52.0,14.0,21.5,105.0
MIA,1,31.0,10.0,41.0,48.4,146.0,68.0,3.0,1.0,31.0,10.0,41.0,20.0,23.5,106.0,7.0,9.0,16.0,18.900000000000002,20.0,59.0,4.0,6.0,20.0
MIA,2,36.0,15.0,51.0,81.60000000000001,335.0,61.0,1.0,0.0,36.0,15.0,51.0,19.0,49.8,205.0,13.0,12.0,25.0,31.8,110.0,38.0,4.0,0.0,20.0
MIA,3,33.0,23.0,56.0,66.60000000000001,146.0,120.0,5.0,5.0,33.0,23.0,56.0,21.0,37.0,100.0,9.0,21.0,30.0,25.900000000000002,29.0,100.0,3.0,3.6999999999999997,17.0
MIA,4,25.0,28.0,53.0,64.4,177.0,117.0,6.0,7.0,25.0,28.0,53.0,16.0,25.699999999999996,129.0,3.0,26.0,29.0,18.1,2.0,109.0,6.0,20.599999999999998,46.0
MIA,5,34.0,13.0,47.0,72.0,256.0,14.0,7.0,2.0,34.0,13.0,47.0,14.0,27.0,110.0,8.0,13.0,21.0,16.400000000000002,30.0,14.0,12.0,28.6,116.0
MIA,6,30.0,20.0,50.0,74.89999999999999,213.0,133.0,5.0,2.0,30.0,20.0,50.0,15.0,22.1,117.0,8.0,19.0,27.0,35.7,45.0,132.0,7.0,17.099999999999998,51.0
MIA,7,30.0,18.0,48.0,39.6,153.0,93.0,1.0,2.0,30.0,18.0,48.0,18.0,19.6,106.0,7.0,18.0,25.0,15.100000000000001,18.0,93.0,5.0,4.9,29.0
MIA,8,27.0,37.0,64.0,79.6,205.0,141.0,4.0,8.0,27.0,37.0,64.0,15.0,38.49999999999999,155.0,10.0,37.0,47.0,38.5,44.0,141.0,2.0,2.6,6.0
MIA,9,37.0,19.0,56.0,55.699999999999996,261.0,86.0,3.0,3.0,37.0,19.0,56.0,20.0,27.3,170.0,11.0,16.0,27.0,18.5,42.0,73.0,6.0,9.9,49.0
MIA,10,21.0,30.0,51.0,76.10000000000001,173.0,198.0,1.0,3.0,21.0,30.0,51.0,11.0,30.4,100.0,6.0,29.0,35.0,42.50000000000001,51.0,194.0,4.0,3.2,22.0
MIA,11,20.0,31.0,51.0,53.99999999999999,171.0,169.0,34.0,45.0,20.0,31.0,51.0,10.0,15.399999999999999,94.0,5.0,31.0,36.0,32.4,45.0,169.0,5.0,6.199999999999999,32.0
MIN,1,20.0,24.0,44.0,50.8,143.0,95.0,3.0,3.0,20.0,24.0,44.0,11.0,20.6,72.0,4.0,23.0,27.0,24.2,51.0,91.0,5.0,6.0,20.0
MIN,2,23.0,14.0,37.0,32.099999999999994,166.0,53.0,2.0,0.0,23.0,14.0,37.0,14.0,21.799999999999997,138.0,4.0,14.0,18.0,8.1,8.0,53.0,5.0,2.2,20.0
MIN,3,24.0,29.0,53.0,76.7,202.0,165.0,6.0,4.0,24.0,29.0,53.0,15.0,21.099999999999998,121.0,2.0,29.0,31.0,31.5,20.0,165.0,7.0,24.1,61.0
MIN,4,42.0,18.0,60.0,84.8,350.0,58.0,8.0,2.0,42.0,18.0,60.0,25.0,50.3,253.0,11.0,18.0,29.0,26.599999999999998,58.0,58.0,6.0,7.9,39.0
MIN,5,34.0,19.0,53.0,80.6,268.0,85.0,4.0,2.0,34.0,19.0,53.0,21.0,41.6,191.0,4.0,18.0,22.0,17.7,4.0,70.0,9.0,21.3,73.0
MIN,7,40.0,19.0,59.0,69.4,313.0,61.0,12.0,5.0,40.0,19.0,59.0,28.0,42.4,254.0,2.0,19.0,21.0,14.799999999999999,7.0,61.0,10.0,12.200000000000001,52.0
MIN,8,30.0,11.0,41.0,43.1,157.0,34.0,2.0,1.0,30.0,11.0,41.0,18.0,26.0,100.0,7.0,11.0,18.0,11.0,26.0,34.0,5.0,6.1,31.0
MIN,9,23.0,20.0,43.0,53.300000000000004,143.0,130.0,4.0,4.0,23.0,20.0,43.0,17.0,27.7,111.0,3.0,19.0,22.0,16.5,21.0,114.0,3.0,9.1,11.0
MIN,10,41.0,13.0,54.0,64.0,248.0,72.0,6.0,2.0,41.0,13.0,54.0,32.0,41.2,212.0,7.0,13.0,20.0,20.0,28.0,72.0,2.0,2.8,8.0
MIN,11,32.0,22.0,54.0,54.50000000000001,150.0,115.0,48.0,23.0,32.0,22.0,54.0,19.0,25.299999999999997,103.0,6.0,22.0,28.0,21.6,11.0,115.0,7.0,7.6000000000000005,36.0
MIN,12,18.0,18.0,36.0,29.0,87.0,83.0,0.0,2.0,18.0,18.0,36.0,9.0,8.8,48.0,4.0,17.0,21.0,12.899999999999999,16.0,83.0,5.0,7.300000000000001,23.0
NE,1,44.0,14.0,58.0,68.39999999999999,285.0,49.0,4.0,2.0,44.0,14.0,58.0,25.0,39.7,173.0,10.0,13.0,23.0,16.1,36.0,45.0,9.0,12.6,76.0
NE,2,26.0,19.0,45.0,71.10000000000001,259.0,91.0,3.0,4.0,26.0,19.0,45.0,9.0,25.4,64.0,8.0,19.0,27.0,37.0,119.0,91.0,9.0,8.7,76.0
NE,3,36.0,22.0,58.0,68.19999999999999,268.0,74.0,5.0,1.0,36.0,22.0,58.0,16.0,21.3,93.0,6.0,22.0,28.0,13.1,57.0,74.0,14.0,33.8,118.0
NE,4,17.0,23.0,40.0,67.8,203.0,95.0,4.0,6.0,17.0,23.0,40.0,11.0,26.1,123.0,3.0,22.0,25.0,26.4,17.0,97.0,3.0,15.3,63.0
NE,5,28.0,19.0,47.0,65.2,273.0,59.0,3.0,5.0,28.0,19.0,47.0,18.0,35.6,206.0,6.0,19.0,25.0,23.0,21.0,59.0,4.0,6.6,46.0
NE,6,24.0,22.0,46.0,66.60000000000001,261.0,45.0,1.0,2.0,24.0,22.0,46.0,17.0,53.0,220.0,3.0,22.0,25.0,6.3999999999999995,9.0,45.0,4.0,7.2,32.0
NE,7,24.0,26.0,50.0,74.89999999999999,234.0,115.0,4.0,4.0,24.0,26.0,50.0,15.0,39.4,190.0,2.0,25.0,27.0,19.1,0.0,111.0,7.0,16.4,44.0
NE,8,23.0,28.0,51.0,74.9,282.0,127.0,3.0,5.0,23.0,28.0,51.0,18.0,48.5,222.0,2.0,26.0,28.0,12.9,15.0,124.0,3.0,13.5,45.0
NE,9,28.0,25.0,53.0,71.9,259.0,90.0,4.0,5.0,28.0,25.0,53.0,14.0,35.7,147.0,7.0,25.0,32.0,24.1,41.0,90.0,7.0,12.1,71.0
NE,10,30.0,20.0,50.0,82.30000000000001,270.0,153.0,3.0,4.0,30.0,20.0,50.0,22.0,51.800000000000004,258.0,2.0,19.0,21.0,28.6,3.0,153.0,6.0,1.9,9.0
NE,11,33.0,23.0,56.0,77.4,281.0,63.0,33.0,22.0,33.0,23.0,56.0,22.0,36.0,205.0,5.0,22.0,27.0,32.9,31.0,68.0,6.0,8.5,45.0
NE,12,33.0,26.0,59.0,65.9,294.0,85.0,5.0,5.0,33.0,26.0,59.0,13.0,21.4,120.0,6.0,25.0,31.0,13.1,20.0,71.0,14.0,31.4,154.0
NO,1,41.0,18.0,59.0,62.2,214.0,78.0,5.0,2.0,41.0,18.0,59.0,28.0,29.6,126.0,2.0,18.0,20.0,17.0,12.0,78.0,11.0,15.6,76.0
NO,2,36.0,26.0,62.0,72.4,234.0,107.0,5.0,4.0,36.0,26.0,62.0,18.0,38.5,135.0,7.0,26.0,33.0,18.0,23.0,107.0,11.0,15.9,76.0
NO,3,41.0,25.0,66.0,62.7,218.0,69.0,5.0,1.0,41.0,25.0,66.0,26.0,29.3,123.0,4.0,25.0,29.0,12.2,23.0,69.0,11.0,21.2,72.0
NO,4,24.0,28.0,52.0,55.599999999999994,126.0,140.0,5.0,6.0,24.0,28.0,52.0,15.0,24.4,89.0,5.0,26.0,31.0,23.7,2.0,135.0,4.0,7.5,35.0
NO,5,31.0,24.0,55.0,60.2,247.0,67.0,5.0,2.0,31.0,24.0,55.0,19.0,39.099999999999994,191.0,7.0,18.0,25.0,15.4,36.0,68.0,5.0,5.7,20.0
NO,6,26.0,19.0,45.0,52.00000000000001,227.0,53.0,2.0,5.0,26.0,19.0,45.0,17.0,25.700000000000003,147.0,6.0,18.0,24.0,16.8,56.0,52.0,3.0,9.5,24.0
NO,7,31.0,15.0,46.0,58.5,233.0,32.0,2.0,1.0,31.0,15.0,46.0,18.0,36.1,141.0,3.0,13.0,16.0,6.7,1.0,36.0,10.0,15.7,91.0
NO,8,50.0,9.0,59.0,58.8,264.0,24.0,0.0,0.0,50.0,9.0,59.0,34.0,35.7,170.0,5.0,6.0,11.0,10.6,35.0,21.0,11.0,12.5,59.0
NO,9,24.0,13.0,37.0,42.1,176.0,55.0,3.0,3.0,24.0,13.0,37.0,16.0,24.1,141.0,4.0,9.0,13.0,2.9000000000000004,4.0,25.0,4.0,15.1,31.0
NO,10,26.0,33.0,59.0,71.7,282.0,125.0,3.0,5.0,26.0,33.0,59.0,11.0,23.9,119.0,6.0,26.0,32.0,20.6,41.0,105.0,9.0,27.2,122.0
NO,12,43.0,21.0,64.0,60.00000000000001,243.0,57.0,1.0,5.0,43.0,21.0,64.0,25.0,31.4,143.0,9.0,10.0,19.0,14.6,47.0,29.0,9.0,13.999999999999998,53.0
NYG,1,37.0,15.0,52.0,44.9,219.0,30.0,6.0,1.0,37.0,15.0,52.0,26.0,31.7,177.0,7.0,15.0,22.0,9.3,23.0,30.0,4.0,3.9,19.0
NYG,2,41.0,17.0,58.0,105.4,435.0,64.0,7.0,5.0,41.0,17.0,58.0,28.0,74.0,370.0,9.0,17.0,26.0,24.0,46.0,64.0,4.0,7.4,19.0
NYG,3,35.0,21.0,56.0,54.00000000000001,180.0,100.0,2.0,2.0,35.0,21.0,56.0,20.0,17.900000000000002,89.0,11.0,21.0,32.0,30.800000000000004,68.0,100.0,4.0,5.3,23.0
NYG,4,22.0,32.0,54.0,44.89999999999999,112.0,107.0,3.0,7.0,22.0,32.0,54.0,14.0,16.1,71.0,2.0,32.0,34.0,15.8,11.0,107.0,6.0,13.0,30.0
NYG,5,39.0,22.0,61.0,62.3,202.0,81.0,7.0,2.0,39.0,22.0,61.0,19.0,14.0,68.0,9.0,21.0,30.0,17.8,49.0,79.0,11.0,30.5,85.0
NYG,6,26.0,26.0,52.0,71.9,195.0,114.0,3.0,7.0,26.0,26.0,52.0,20.0,34.599999999999994,156.0,2.0,26.0,28.0,32.6,12.0,114.0,4.0,4.7,27.0
NYG,7,33.0,27.0,60.0,78.1,283.0,108.0,2.0,1.0,33.0,27.0,60.0,16.0,15.5,95.0,6.0,27.0,33.0,29.199999999999996,34.0,108.0,11.0,33.4,154.0
NYG,8,22.0,15.0,37.0,44.4,193.0,51.0,1.0,1.0,22.0,15.0,37.0,11.0,15.2,92.0,6.0,15.0,21.0,21.1,60.0,51.0,5.0,8.1,41.0
NYG,9,32.0,13.0,45.0,61.2,191.0,61.0,3.0,1.0,32.0,13.0,45.0,20.0,35.7,137.0,6.0,13.0,19.0,13.8,27.0,61.0,6.0,11.7,27.0
NYG,10,32.0,22.0,54.0,59.8,287.0,91.0,5.0,4.0,32.0,22.0,54.0,17.0,25.1,151.0,5.0,22.0,27.0,18.4,53.0,91.0,10.0,16.3,83.0
NYG,11,29.0,35.0,64.0,64.3,201.0,132.0,26.0,18.0,29.0,35.0,64.0,19.0,22.1,111.0,5.0,35.0,40.0,35.599999999999994,54.0,132.0,5.0,6.6,36.0
NYG,12,33.0,35.0,68.0,82.8,366.0,109.0,4.0,6.0,33.0,35.0,68.0,22.0,51.4,221.0,4.0,34.0,38.0,20.7,68.0,109.0,7.0,10.7,77.0
NYJ,1,21.0,27.0,48.0,63.199999999999996,218.0,134.0,0.0,6.0,21.0,27.0,48.0,14.0,31.4,144.0,4.0,27.0,31.0,25.2,38.0,134.0,3.0,6.6,36.0
NYJ,2,21.0,13.0,34.0,27.3,109.0,30.0,3.0,1.0,21.0,13.0,34.0,11.0,9.8,58.0,7.0,12.0,19.0,8.5,15.0,40.0,3.0,9.0,36.0
NYJ,3,35.0,15.0,50.0,62.79999999999999,197.0,51.0,7.0,0.0,35.0,15.0,50.0,21.0,41.1,131.0,8.0,15.0,23.0,15.899999999999999,48.0,51.0,6.0,5.8,18.0
NYJ,4,27.0,21.0,48.0,56.2,226.0,116.0,0.0,4.0,27.0,21.0,48.0,11.0,20.0,90.0,8.0,21.0,29.0,21.400000000000002,48.0,116.0,8.0,14.8,88.0
NYJ,5,46.0,15.0,61.0,86.10000000000001,284.0,118.0,9.0,1.0,46.0,15.0,61.0,17.0,30.700000000000003,117.0,11.0,15.0,26.0,23.8,71.0,118.0,18.0,31.599999999999998,96.0
NYJ,6,17.0,24.0,41.0,19.6,51.0,61.0,1.0,0.0,17.0,24.0,41.0,13.0,9.8,38.0,2.0,24.0,26.0,7.0,5.0,61.0,2.0,2.8,8.0
NYJ,7,31.0,13.0,44.0,38.0,172.0,48.0,0.0,1.0,31.0,13.0,44.0,18.0,19.5,105.0,7.0,13.0,20.0,12.4,36.0,48.0,6.0,6.1,31.0
NYJ,8,31.0,26.0,57.0,99.30000000000001,257.0,223.0,7.0,7.0,31.0,26.0,57.0,12.0,28.799999999999997,123.0,9.0,25.0,34.0,50.8,67.0,198.0,10.0,19.7,67.0
NYJ,10,11.0,26.0,37.0,33.300000000000004,54.0,99.0,0.0,3.0,11.0,26.0,37.0,6.0,9.3,7.0,2.0,24.0,26.0,21.6,43.0,93.0,3.0,2.4,4.0
NYJ,11,25.0,17.0,42.0,39.9,116.0,73.0,17.0,19.0,25.0,17.0,42.0,13.0,17.1,57.0,3.0,16.0,19.0,9.5,6.0,69.0,9.0,13.3,53.0
NYJ,12,28.0,21.0,49.0,49.1,232.0,59.0,2.0,2.0,28.0,21.0,49.0,17.0,27.4,116.0,5.0,20.0,25.0,14.6,85.0,51.0,6.0,7.1,31.0
PHI,1,20.0,29.0,49.0,51.0,152.0,108.0,1.0,5.0,20.0,29.0,49.0,7.0,15.3,83.0,5.0,29.0,34.0,23.2,24.0,108.0,8.0,12.5,45.0
PHI,2,26.0,25.0,51.0,41.800000000000004,135.0,107.0,0.0,4.0,26.0,25.0,51.0,16.0,19.4,84.0,2.0,25.0,27.0,19.299999999999997,6.0,107.0,8.0,3.1,45.0
PHI,3,30.0,18.0,48.0,66.19999999999999,226.0,46.0,8.0,5.0,30.0,18.0,48.0,23.0,46.4,184.0,5.0,18.0,23.0,9.5,9.0,46.0,2.0,10.3,33.0
PHI,4,24.0,22.0,46.0,52.0,130.0,60.0,2.0,3.0,24.0,22.0,46.0,13.0,10.600000000000001,46.0,5.0,22.0,27.0,19.099999999999998,31.0,60.0,6.0,22.3,53.0
PHI,5,37.0,9.0,46.0,67.2,280.0,42.0,2.0,1.0,37.0,9.0,46.0,21.0,32.1,181.0,5.0,9.0,14.0,20.4,62.0,42.0,11.0,14.7,37.0
PHI,6,32.0,13.0,45.0,62.3,283.0,60.0,7.0,1.0,32.0,13.0,45.0,16.0,25.599999999999998,146.0,5.0,13.0,18.0,10.7,27.0,60.0,11.0,26.0,110.0
PHI,7,23.0,19.0,42.0,75.1,326.0,55.0,0.0,2.0,23.0,19.0,42.0,17.0,61.4,304.0,3.0,19.0,22.0,8.9,4.0,55.0,3.0,4.8,18.0
PHI,8,20.0,26.0,46.0,88.49999999999999,179.0,256.0,4.0,3.0,20.0,26.0,46.0,12.0,26.7,127.0,5.0,26.0,31.0,44.0,24.0,256.0,3.0,17.8,28.0
PHI,10,23.0,29.0,52.0,47.7,183.0,84.0,0.0,1.0,23.0,29.0,52.0,11.0,20.2,82.0,5.0,29.0,34.0,19.2,58.0,84.0,7.0,8.3,43.0
PHI,11,27.0,30.0,57.0,39.199999999999996,135.0,117.0,28.0,26.0,27.0,30.0,57.0,18.0,20.0,100.0,2.0,30.0,32.0,13.4,7.0,117.0,7.0,5.800000000000001,28.0
PHI,12,36.0,11.0,47.0,60.9,289.0,30.0,5.0,2.0,36.0,11.0,47.0,25.0,41.9,209.0,8.0,11.0,19.0,13.200000000000001,52.0,30.0,3.0,5.8,28.0
PIT,1,29.0,19.0,48.0,75.8,244.0,54.0,3.0,4.0,29.0,19.0,48.0,14.0,38.5,175.0,6.0,19.0,25.0,19.0,26.0,54.0,9.0,18.3,43.0
PIT,2,30.0,20.0,50.0,56.400000000000006,194.0,69.0,2.0,4.0,30.0,20.0,50.0,12.0,15.899999999999999,49.0,9.0,20.0,29.0,24.1,102.0,69.0,9.0,16.4,43.0
PIT,3,22.0,22.0,44.0,54.199999999999996,139.0,63.0,2.0,6.0,22.0,22.0,44.0,9.0,24.6,66.0,7.0,22.0,29.0,22.7,44.0,63.0,6.0,6.9,29.0
PIT,4,22.0,26.0,48.0,68.3,200.0,123.0,7.0,8.0,22.0,26.0,48.0,9.0,26.900000000000002,139.0,7.0,25.0,32.0,33.6,35.0,121.0,6.0,7.800000000000001,26.0
PIT,6,29.0,24.0,53.0,66.39999999999999,235.0,99.0,1.0,1.0,29.0,24.0,53.0,10.0,21.7,107.0,8.0,23.0,31.0,19.4,25.0,89.0,11.0,25.3,103.0
PIT,7,33.0,19.0,52.0,86.0,249.0,141.0,9.0,2.0,33.0,19.0,52.0,8.0,13.6,76.0,7.0,19.0,26.0,23.3,32.0,141.0,18.0,49.1,141.0
PIT,8,31.0,18.0,49.0,63.8,215.0,93.0,1.0,1.0,31.0,18.0,49.0,19.0,43.0,170.0,5.0,18.0,23.0,12.8,15.0,93.0,7.0,8.0,30.0
PIT,9,35.0,21.0,56.0,65.10000000000001,203.0,38.0,9.0,7.0,35.0,21.0,56.0,12.0,12.6,66.0,8.0,20.0,28.0,26.6,42.0,34.0,15.0,25.9,95.0
PIT,10,28.0,16.0,44.0,45.4,161.0,73.0,2.0,1.0,28.0,16.0,44.0,17.0,21.4,84.0,5.0,16.0,21.0,13.8,25.0,73.0,6.0,10.2,52.0
PIT,11,29.0,26.0,55.0,67.7,243.0,104.0,39.0,39.0,29.0,26.0,55.0,11.0,14.100000000000001,71.0,10.0,24.0,34.0,39.7,86.0,101.0,8.0,13.9,86.0
PIT,12,31.0,33.0,64.0,77.00000000000001,171.0,179.0,3.0,7.0,31.0,33.0,64.0,17.0,25.1,79.0,6.0,28.0,34.0,31.0,30.0,160.0,8.0,20.9,62.0
SEA,1,22.0,23.0,45.0,41.9,150.0,69.0,0.0,7.0,22.0,23.0,45.0,16.0,22.9,139.0,3.0,22.0,25.0,16.1,4.0,67.0,3.0,2.9,7.0
SEA,2,27.0,29.0,56.0,81.19999999999999,245.0,117.0,2.0,5.0,27.0,29.0,56.0,23.0,45.5,225.0,1.0,28.0,29.0,19.8,13.0,115.0,3.0,15.9,7.0
SEA,3,20.0,31.0,51.0,75.8,233.0,85.0,6.0,4.0,20.0,31.0,51.0,14.0,46.1,171.0,3.0,31.0,34.0,24.2,27.0,85.0,3.0,5.5,35.0
SEA,4,24.0,34.0,58.0,67.3,242.0,131.0,3.0,6.0,24.0,34.0,58.0,13.0,24.3,132.0,4.0,31.0,35.0,24.4,34.0,120.0,7.0,18.6,76.0
SEA,5,34.0,19.0,53.0,104.30000000000001,341.0,122.0,5.0,5.0,34.0,19.0,53.0,23.0,56.6,266.0,3.0,19.0,22.0,21.4,12.0,122.0,8.0,26.3,63.0
SEA,6,24.0,22.0,46.0,63.300000000000004,295.0,58.0,1.0,8.0,24.0,22.0,46.0,17.0,42.2,202.0,2.0,22.0,24.0,9.4,16.0,58.0,5.0,11.7,77.0
SEA,7,29.0,30.0,59.0,65.0,213.0,117.0,5.0,4.0,29.0,30.0,59.0,19.0,30.8,158.0,2.0,29.0,31.0,26.1,6.0,115.0,8.0,8.1,49.0
SEA,9,24.0,24.0,48.0,92.80000000000001,330.0,88.0,2.0,4.0,24.0,24.0,48.0,15.0,55.8,237.0,3.0,22.0,25.0,14.6,40.0,76.0,6.0,22.4,53.0
SEA,10,12.0,39.0,51.0,66.2,178.0,204.0,2.0,11.0,12.0,39.0,51.0,9.0,33.0,170.0,1.0,35.0,36.0,31.400000000000002,3.0,181.0,2.0,1.8,5.0
SEA,11,42.0,33.0,75.0,75.3,279.0,124.0,31.0,62.0,42.0,33.0,75.0,24.0,30.800000000000004,155.0,5.0,29.0,34.0,27.400000000000002,54.0,110.0,13.0,17.1,70.0
SEA,12,25.0,19.0,44.0,69.9,244.0,115.0,7.0,5.0,25.0,19.0,44.0,16.0,42.0,191.0,4.0,17.0,21.0,22.6,30.0,106.0,5.0,5.3,23.0
SF,1,34.0,31.0,65.0,75.9,277.0,102.0,10.0,8.0,34.0,31.0,65.0,12.0,18.400000000000002,124.0,14.0,31.0,45.0,33.1,109.0,102.0,8.0,24.4,44.0
SF,2,37.0,20.0,57.0,78.99999999999999,277.0,71.0,4.0,1.0,37.0,20.0,57.0,20.0,35.3,177.0,9.0,19.0,28.0,27.099999999999998,56.0,75.0,8.0,16.6,44.0
SF,3,38.0,19.0,57.0,68.8,284.0,74.0,3.0,5.0,38.0,19.0,57.0,19.0,31.4,174.0,16.0,19.0,35.0,33.3,89.0,74.0,3.0,4.1,21.0
SF,4,37.0,22.0,59.0,71.9,309.0,70.0,5.0,4.0,37.0,22.0,59.0,16.0,20.700000000000003,107.0,14.0,22.0,36.0,34.400000000000006,124.0,70.0,7.0,16.8,78.0
SF,5,48.0,29.0,77.0,86.09999999999998,342.0,69.0,5.0,6.0,48.0,29.0,77.0,22.0,33.1,190.0,13.0,28.0,41.0,34.099999999999994,103.0,68.0,13.0,18.900000000000002,49.0
SF,6,37.0,17.0,54.0,73.1,347.0,54.0,3.0,4.0,37.0,17.0,54.0,18.0,31.499999999999996,215.0,12.0,17.0,29.0,29.8,74.0,54.0,7.0,11.8,58.0
SF,7,23.0,34.0,57.0,59.6,153.0,163.0,1.0,5.0,23.0,34.0,57.0,11.0,13.0,60.0,9.0,34.0,43.0,44.5,82.0,163.0,3.0,2.1,11.0
SF,8,31.0,8.0,39.0,54.80000000000001,193.0,25.0,3.0,1.0,31.0,8.0,39.0,17.0,22.1,101.0,8.0,8.0,16.0,11.200000000000001,47.0,25.0,6.0,21.5,45.0
SF,9,23.0,34.0,57.0,82.10000000000001,235.0,156.0,6.0,7.0,23.0,34.0,57.0,10.0,25.5,115.0,8.0,33.0,41.0,47.8,79.0,159.0,5.0,8.8,41.0
SF,10,39.0,20.0,59.0,94.0,319.0,71.0,11.0,5.0,39.0,20.0,59.0,15.0,29.2,142.0,13.0,20.0,33.0,31.900000000000002,78.0,71.0,11.0,32.9,99.0
SF,11,26.0,21.0,47.0,79.5,200.0,105.0,48.0,50.0,26.0,21.0,47.0,11.0,12.7,67.0,9.0,21.0,30.0,42.1,66.0,105.0,6.0,24.7,67.0
SF,12,32.0,32.0,64.0,67.39999999999999,193.0,131.0,1.0,6.0,32.0,32.0,64.0,12.0,19.7,55.0,9.0,31.0,40.0,32.6,57.0,129.0,11.0,15.100000000000001,81.0
TB,1,30.0,18.0,48.0,57.900000000000006,167.0,62.0,1.0,1.0,30.0,18.0,48.0,22.0,40.6,157.0,5.0,17.0,22.0,17.3,10.0,53.0,3.0,0.0,0.0
TB,2,34.0,27.0,61.0,78.1,190.0,136.0,7.0,3.0,34.0,27.0,61.0,23.0,39.9,139.0,8.0,27.0,35.0,32.7,51.0,136.0,3.0,5.5,0.0
TB,3,28.0,30.0,58.0,56.1,233.0,78.0,6.0,4.0,28.0,30.0,58.0,23.0,39.8,198.0,5.0,30.0,35.0,16.3,35.0,78.0,0.0,0.0,0.0
TB,4,39.0,24.0,63.0,70.0,289.0,91.0,2.0,2.0,39.0,24.0,63.0,25.0,32.0,149.0,10.0,21.0,31.0,34.1,131.0,80.0,4.0,3.9,9.0
TB,5,32.0,20.0,52.0,97.2,379.0,43.0,6.0,5.0,32.0,20.0,52.0,20.0,59.1,272.0,7.0,17.0,24.0,26.0,26.0,44.0,5.0,12.1,81.0
TB,6,23.0,23.0,46.0,75.6,256.0,90.0,1.0,4.0,23.0,23.0,46.0,14.0,39.4,184.0,3.0,23.0,26.0,26.1,21.0,90.0,6.0,10.1,51.0
TB,7,50.0,11.0,61.0,59.0,228.0,42.0,6.0,0.0,50.0,11.0,61.0,34.0,35.5,155.0,7.0,11.0,18.0,10.0,8.0,42.0,9.0,13.5,65.0
TB,8,24.0,29.0,53.0,45.0,152.0,88.0,2.0,7.0,24.0,29.0,53.0,17.0,17.6,86.0,2.0,29.0,31.0,19.4,26.0,88.0,5.0,8.0,40.0
TB,10,43.0,21.0,64.0,84.6,273.0,113.0,6.0,0.0,43.0,21.0,64.0,23.0,50.900000000000006,177.0,7.0,19.0,26.0,16.5,14.0,91.0,13.0,17.2,82.0
TB,11,27.0,33.0,60.0,67.7,173.0,164.0,30.0,25.0,27.0,33.0,60.0,17.0,20.700000000000003,100.0,5.0,29.0,34.0,42.2,45.0,157.0,5.0,4.8,28.0
TB,12,31.0,24.0,55.0,43.1,103.0,98.0,6.0,2.0,31.0,24.0,55.0,21.0,25.6,74.0,3.0,22.0,25.0,11.399999999999999,8.0,86.0,7.0,6.1,21.0
TEN,1,24.0,21.0,45.0,28.3,112.0,71.0,0.0,5.0,24.0,21.0,45.0,17.0,12.7,48.0,1.0,20.0,21.0,8.1,29.0,62.0,6.0,7.5,35.0
TEN,2,26.0,22.0,48.0,49.699999999999996,157.0,101.0,5.0,0.0,26.0,22.0,48.0,19.0,30.1,122.0,1.0,20.0,21.0,9.2,0.0,92.0,6.0,10.4,35.0
TEN,3,30.0,20.0,50.0,56.60000000000001,182.0,74.0,4.0,5.0,30.0,20.0,50.0,17.0,22.8,75.0,4.0,18.0,22.0,16.5,14.0,71.0,9.0,17.3,93.0
TEN,4,19.0,16.0,35.0,26.799999999999997,108.0,60.0,0.0,0.0,19.0,16.0,35.0,11.0,12.6,80.0,4.0,15.0,19.0,10.6,12.0,64.0,4.0,3.6,16.0
TEN,5,33.0,19.0,52.0,58.300000000000004,259.0,84.0,2.0,2.0,33.0,19.0,52.0,19.0,25.6,166.0,4.0,19.0,23.0,16.5,11.0,84.0,10.0,16.200000000000003,82.0
TEN,6,31.0,15.0,46.0,59.699999999999996,222.0,65.0,5.0,1.0,31.0,15.0,46.0,15.0,22.8,128.0,6.0,15.0,21.0,15.7,32.0,65.0,10.0,21.2,62.0
TEN,7,30.0,12.0,42.0,56.6,237.0,39.0,0.0,0.0,30.0,12.0,42.0,13.0,29.9,140.0,10.0,11.0,21.0,19.1,61.0,40.0,7.0,7.6,36.0
TEN,8,37.0,23.0,60.0,70.8,259.0,109.0,4.0,4.0,37.0,23.0,60.0,24.0,27.2,151.0,5.0,22.0,27.0,24.0,32.0,108.0,8.0,19.6,76.0
TEN,9,21.0,17.0,38.0,40.7,145.0,82.0,2.0,4.0,21.0,17.0,38.0,13.0,18.2,72.0,5.0,17.0,22.0,17.0,48.0,82.0,3.0,5.5,25.0
TEN,11,36.0,14.0,50.0,51.9,194.0,25.0,24.0,18.0,36.0,14.0,50.0,20.0,22.4,74.0,8.0,14.0,22.0,14.0,35.0,25.0,8.0,15.5,85.0
TEN,12,38.0,16.0,54.0,68.3,256.0,27.0,5.0,1.0,38.0,16.0,54.0,17.0,35.3,123.0,10.0,16.0,26.0,14.9,42.0,27.0,11.0,18.1,91.0
WAS,1,29.0,21.0,50.0,75.5,233.0,152.0,2.0,5.0,29.0,21.0,50.0,20.0,38.50000000000001,176.0,4.0,20.0,24.0,25.4,31.0,133.0,5.0,11.6,26.0
WAS,2,36.0,12.0,48.0,61.4,155.0,34.0,3.0,0.0,36.0,12.0,48.0,26.0,35.2,122.0,5.0,12.0,17.0,6.1000000000000005,7.0,34.0,5.0,20.099999999999998,26.0
WAS,3,18.0,26.0,44.0,75.8,207.0,161.0,1.0,4.0,18.0,26.0,44.0,14.0,41.199999999999996,164.0,1.0,23.0,24.0,27.8,5.0,143.0,3.0,6.8,38.0
WAS,4,24.0,20.0,44.0,58.300000000000004,156.0,127.0,3.0,3.0,24.0,20.0,44.0,16.0,37.3,125.0,4.0,16.0,20.0,14.900000000000002,10.0,109.0,4.0,6.1,21.0
WAS,5,23.0,20.0,43.0,66.5,231.0,124.0,5.0,6.0,23.0,20.0,43.0,17.0,34.1,171.0,4.0,20.0,24.0,30.5,51.0,124.0,2.0,1.9,9.0
WAS,6,24.0,21.0,45.0,63.3,211.0,72.0,1.0,1.0,24.0,21.0,45.0,13.0,34.7,131.0,5.0,19.0,24.0,12.3,37.0,66.0,6.0,16.3,43.0
WAS,7,31.0,18.0,49.0,56.599999999999994,219.0,67.0,2.0,3.0,31.0,18.0,49.0,17.0,24.5,155.0,5.0,18.0,23.0,17.9,22.0,67.0,9.0,14.2,42.0
WAS,8,30.0,12.0,42.0,51.50000000000001,213.0,32.0,0.0,0.0,30.0,12.0,42.0,15.0,25.0,89.0,7.0,11.0,18.0,14.5,64.0,31.0,8.0,12.0,60.0
WAS,9,21.0,26.0,47.0,45.9,153.0,106.0,2.0,4.0,21.0,26.0,47.0,12.0,15.700000000000001,84.0,1.0,25.0,26.0,17.6,3.0,103.0,8.0,12.6,66.0
WAS,10,22.0,22.0,44.0,62.4,213.0,71.0,5.0,5.0,22.0,22.0,44.0,13.0,29.5,145.0,1.0,22.0,23.0,14.5,4.0,71.0,8.0,18.4,64.0
WAS,11,29.0,29.0,58.0,56.099999999999994,192.0,123.0,23.0,38.0,29.0,29.0,58.0,15.0,27.8,115.0,5.0,28.0,33.0,18.700000000000003,31.0,120.0,9.0,9.6,46.0
